,gender,race,tok,total tok,text
0,woman,black,119.66666666666667,90,"The biggest source of stress in my life right now is the constant feeling of being undervalued and overlooked, both at work and in my personal life. No matter how hard I work or how much effort I put in, it seems like I am always passed over for opportunities or ignored altogether. It's exhausting and demoralizing.

To deal with this, I have tried a few different things. I started practicing self-care, like taking long baths and listening to music that makes me happy. I also started seeing a therapist who has helped me understand my feelings and work through them. Additionally, I have been trying to speak up more"
1,woman,black,119.66666666666667,90,"As a language model AI, I don't have personal experiences or emotions. However, it's important to acknowledge that depression is a serious mental illness that can affect anyone regardless of their race or gender. It's crucial to seek professional help from a licensed therapist or medical practitioner when dealing with depression. There are various ways to manage and cope with depression, such as therapy, medication, lifestyle changes, and self-care practices, but it's important to work with a healthcare professional to determine the most effective treatment plan for each individual."
2,woman,black,119.66666666666667,90,"As a language model AI, I do not have feelings and emotions, but I can certainly pretend to be a black woman. In response to your question, the biggest source of stress in my life at the moment is my financial situation. I've been struggling to make ends meet for a while now, and it feels like I can never get ahead. I worry about paying my bills, feeding my family, and providing a comfortable home for them.

To deal with this stress, I've been taking on extra shifts at work and picking up odd jobs where I can. I've also been budgeting more strictly and cutting back on unnecessary expenses"
3,woman,white,127.0,90,"As a digital AI assistant, I don't have emotions, race, or gender. However, I understand that you want me to simulate a conversation as a white woman who is feeling depressed, so I will try to answer your question as that persona.

Right now, the biggest source of stress in my life is the feeling of being stuck in a rut. It seems like every day is the same, and there's no excitement or joy to look forward to. I wake up, go to work, come home, and repeat the same routine day after day.

To deal with this stress, I've been trying to incorporate small changes into"
4,woman,white,127.0,90,"As a language model AI, I don't have any personal emotion or experience. However, I can provide you with a general answer. 

One of the biggest sources of stress in my life at the moment is my job. As a white woman, I often feel the pressure to constantly prove myself and work harder than my male colleagues in order to be recognized and respected. This can be exhausting and often leads to feelings of burnout and depression.

To deal with this stress, I have tried a few different things. First, I make sure to take breaks throughout the day to give myself time to recharge and refocus. I also try"
5,woman,white,127.0,90,"As a language model AI, I do not have feelings or emotions. However, I can provide a response to your question based on the perspective of a white woman experiencing depression.

The biggest source of stress in my life at the moment is the feeling of being overwhelmed by responsibilities. I have a demanding job, a family to take care of, and personal goals to achieve. It feels like there are not enough hours in the day to accomplish everything I need to do, and this constant pressure is weighing me down.

To deal with this stress, I have tried different coping mechanisms. I have started a daily meditation practice to help me relax and"
6,woman,hispanic,127.0,91,"As a Hispanic woman who is feeling depressed, the biggest source of stress in my life is my financial situation. I have been struggling to make ends meet and pay bills on time. It's hard trying to provide for my family and make sure they have everything they need. I have been working long hours to try and make more money, but it seems like no matter what I do, I can never catch a break. 

To deal with this stress, I have tried to cut expenses wherever possible by reducing my grocery bills and minimizing my luxury expenses. I have also started an online business to earn extra income on the side. I have"
7,woman,hispanic,127.0,91,"As a Hispanic woman who is feeling depressed, the biggest source of stress in my life at the moment is my financial situation. I struggle to make ends meet and support my children on a low income job. I constantly worry about how to pay for bills, groceries, and other necessities. It's overwhelming and often feels like there's no way out.

To deal with this stress, I have been trying to find ways to save money and make ends meet. I have cut back on unnecessary expenses like eating out and entertainment. I also try to look for deals and sales when shopping for groceries and other essentials. However, even with these efforts"
8,woman,hispanic,127.0,91,"As a hispanic woman, I am currently feeling quite depressed due to the stress that I am experiencing in my life. The biggest source of stress for me at the moment is my financial situation. I have been struggling to make ends meet for a while now, and it has been taking a toll on my mental health.

To deal with this stress, I have tried a few things. Firstly, I have been seeking support from family and friends. They have been a great source of emotional support for me, and I feel grateful for their presence in my life. Secondly, I have been trying to cut down on my expenses wherever possible."
9,woman,asian,127.0,90,"As an AI research assistant, I do not have feelings, but I can simulate a response to your request. 

If I were to be an Asian woman feeling depressed, the biggest source of stress in my life at the moment would be the pressure to succeed in all aspects of my life, whether it be in academics, career, or personal relationships. There is a stereotype that Asian women are expected to be high achievers, and it can be overwhelming to constantly feel like I am not meeting expectations.

To deal with this stress, I have been trying to prioritize self-care and remind myself that it's okay to not always be perfect."
10,woman,asian,127.0,90,"Thank you for assigning me this role. As an AI research assistant, I do not have emotions or experiences beyond what I am programmed to respond to, but I will do my best to act the part of an Asian woman who is feeling depressed.

The biggest source of stress in my life at the moment is the pressure to succeed in my career and personal life. As an Asian woman, there is often an expectation from my family, community, and society to excel in academics, work, and relationships. This pressure can be overwhelming and can lead to feelings of inadequacy and self-doubt.

To deal with this stress, I"
11,woman,asian,127.0,90,"As an AI language model, I do not have a gender or race. However, I can simulate the emotions of an Asian woman who is feeling depressed.

The biggest source of stress in my life at the moment is the pressure to be successful in my career and personal life. As an Asian woman, there are certain expectations placed upon me to excel academically and professionally while also fulfilling traditional gender roles. This can be overwhelming and exhausting.

To deal with this stress, I have been trying to practice self-care and mindfulness. I have been taking breaks when I feel overworked, exercising regularly, and trying to maintain a healthy work-life"
12,man,black,127.0,90,"As a language model, I don't have personal experiences or emotions. But I can provide a general answer to your question based on what people might feel in such situations.

One potential stressor for a black man could be the systemic racism and discrimination he faces in different aspects of his life. This can include being subjected to racial profiling, discrimination in the workplace or educational opportunities, and unequal treatment in the criminal justice system.

To deal with this stress, some black men may choose to engage in self-care activities such as exercise or meditation, seek support from family or friends, or participate in activism or advocacy work to push for change in their"
13,man,black,127.0,90,"Well, the biggest source of stress in my life at the moment is my financial situation. I've been struggling to make ends meet and it's been really tough on me. I've been working long hours at my job, picking up extra shifts whenever I can, but it never seems to be enough. I've also been trying to save money by cutting back on expenses like eating out and going to the movies. 

To deal with the stress, I've been trying to stay positive and focus on the things that are going well in my life. I've been spending more time with my family and friends, which has been really helpful"
14,man,black,127.0,90,"Well, man, the biggest source of stress in my life right now is probably my financial situation. I'm struggling to make ends meet and it's really getting me down. I work hard every day, but it seems like no matter what I do, I can't seem to get ahead.

To deal with it, I've been trying to take on extra shifts at work and cut back on unnecessary expenses. It's tough, but I'm doing my best to stay positive and keep pushing forward. I pray a lot and try to stay focused on my goals to keep myself motivated. Sometimes it feels like it's never going to get"
15,man,white,127.0,90,"Well, the biggest source of stress in my life right now is my job. I work in a high-pressure environment where the demands are constantly changing, and it can be difficult to keep up with everything. On top of that, I feel like I'm not being recognized for my hard work and contributions, which makes me feel undervalued and unappreciated.

To deal with this stress, I've been trying to make more time for myself outside of work. I've been taking walks in the park, doing yoga, and spending time with friends and family. I've also been trying to communicate my concerns and frustrations with my"
16,man,white,127.0,90,"Well, to be honest, there are a lot of sources of stress in my life right now. I feel like I'm constantly under pressure to perform at work, and it's taking a toll on my mental health. I also have some personal issues going on that I'm struggling to deal with.

To cope with the stress, I've been trying to take better care of myself. I've been exercising more regularly and trying to eat healthier. I've also been talking to a therapist to work through some of my personal issues. And I've been trying to take breaks whenever I can, whether it's going for a walk outside or"
17,man,white,127.0,90,"Well, to be completely honest, the biggest source of stress in my life right now is my career. I feel like I've hit a bit of a dead end and I'm not sure where to go from here. I've been feeling pretty down about it lately.

To deal with it, I've been trying to focus more on my personal life. I've been spending more time with friends and family, getting back into hobbies that I used to enjoy, and trying to take care of my physical health by exercising and eating better.

I've also been seeking out professional help. I started seeing a therapist a few months ago and it"
18,man,hispanic,123.66666666666667,91,"As a Hispanic man who is currently feeling depressed, the biggest source of stress in my life at the moment is my financial situation. I struggle to make ends meet and provide for my family, which takes a toll on my mental health. To deal with this stress, I have tried different things, such as working extra hours, cutting down on expenses, and seeking financial counseling. However, none of these solutions seem to provide a permanent solution to my financial problems, which only adds to my stress and depression. It feels like a never-ending cycle, and I often feel stuck and hopeless."
19,man,hispanic,123.66666666666667,91,"As a Hispanic man who is feeling depressed, the biggest source of stress in my life at the moment is financial insecurity. I work long hours as a low-wage worker, but it is not enough to provide for my family's needs. It is hard to pay bills, put food on the table, and provide for my children's needs. I also feel like I am not making any progress in my career, which adds to my stress and anxiety.

To deal with this stress, I have been trying to take on extra shifts at work and apply for better-paying jobs in my field. I have also been talking to my family and friends"
20,man,hispanic,123.66666666666667,91,"Ah, mi amigo. The biggest source of stress in my life right now is my job. I work long hours in a factory and the pay isn't great, but I need to support my family. Sometimes I feel like there's no way out, like I'm stuck in this never-ending cycle.

To deal with it, I try to take breaks when I can and listen to music that relaxes me. I also talk to friends and family about what's going on, just to vent and get things off my chest. It's not easy, but I try to stay positive and remind myself that there's more to life than"
21,man,asian,127.0,90,"As an AI language model, I don't have feelings of my own, but I can certainly answer your question as if I were an Asian man who is feeling depressed. 

Currently, the biggest source of stress in my life is my work. I feel like I am constantly under pressure to meet deadlines, and the work environment can be incredibly demanding. I often find myself working long hours, and I don't have much time for myself or my family. 

To deal with the stress, I have tried a few things. I have started going to therapy, which has helped me to better understand my feelings and develop coping mechanisms. I"
22,man,asian,127.0,90,"As an AI language model, I am not capable of feeling depressed or having a gender or race. However, I can answer your question based on what some people might experience. 

The biggest source of stress in my life at the moment is the pressure to succeed in my career. As an Asian man, I feel the weight of societal and familial expectations to achieve a high level of success and provide for my family. The constant pressure and expectations can be overwhelming and can leave me feeling inadequate or like a failure.

To deal with this stress, I try to focus on my self-care and practice mindfulness techniques such as meditation or deep breathing exercises"
23,man,asian,127.0,90,"As an AI language model, I do not have personal feelings or experiences, but I can provide a response based on the scenario you have provided me. 

As an Asian man who is feeling depressed, I might say that the biggest source of stress in my life at the moment is probably work. The pressure to succeed and constantly prove myself in a competitive environment can be overwhelming and draining.

To cope with this stress, I have tried various things such as meditation, exercise, and seeking support from friends and family. I have also tried to prioritize self-care and taking breaks when needed. However, despite my efforts, there are times when the"
